{"cameraMode":{"drawMode":0,"name":"Shaded","section":"Shading Mode"},"sceneLighting":false,"audioPlay":false,"sceneViewState":{"m_AlwaysRefresh":false,"showFog":true,"showSkybox":false,"showFlares":true,"showImageEffects":true,"showParticleSystems":true,"showVisualEffectGraphs":true,"m_FxEnabled":true},"in2DMode":false,"pivot":{"x":3.7200000286102297,"y":-0.7919999957084656,"z":-48.94499969482422},"rotation":{"x":0.08319885283708573,"y":0.12878553569316865,"z":-0.010841920971870423,"w":0.9881242513656616},"size":5.320157051086426,"orthographic":true}